object_category,pair_ix,round_ix,target_object_indices,model_response
dogs,20,1,"[2, 8, 4, 10, 6, 3, 7, 1, 9, 5]","{
  ""object_#1"": ""dog standing up very straight, black and brown, legs are brown, tail has a little black on it, black all through his torso, basset hound"",
  ""object_#2"": ""standing with his two front legs straight down, head turned to the side, sticking out to the side, looking down the slope of his back leg"",
  ""object_#3"": ""seated position, sitting, head turned"",
  ""object_#4"": ""very stout little black dog, very short, curly, long body, turned, looking towards the right"",
  ""object_#5"": ""poodle"",
  ""object_#6"": ""Doberman pinscher"",
  ""object_#7"": ""cocker spaniel, long ears"",
  ""object_#8"": ""pug, or a miniature boxer"",
  ""object_#9"": ""sled dog, Husky, white"",
  ""object_#10"": ""German shepherd"",
  ""object_#11"": ""Yorkie with tail straight up"",
  ""object_#12"": ""English dog""
}"
dogs,20,2,"[1, 2, 3, 4, 5, 6, 7, 8, 9, 10]","{
  ""object_#1"": ""pushed in with his legs all the way down"",
  ""object_#2"": ""the large basset hound"",
  ""object_#3"": ""the Doberman"",
  ""object_#4"": ""the brown dog that's sitting"",
  ""object_#5"": ""our bearded English dog"",
  ""object_#6"": ""looks like the black poodle"",
  ""object_#7"": ""the cocker spaniel"",
  ""object_#8"": ""the dog that looks like he's looking down his leg"",
  ""object_#9"": ""the sled dog again"",
  ""object_#10"": ""the husky"",
  ""object_#11"": ""the weiner dog""
}"
dogs,20,3,"[6, 5, 9, 7, 1, 10, 4, 8, 2, 3]","{
  ""object_#1"": ""poodle"",
  ""object_#2"": ""english bearded dog"",
  ""object_#3"": ""husky, or the sled dog"",
  ""object_#4"": ""cocker spaniel"",
  ""object_#5"": ""pushed in face"",
  ""object_#6"": ""weiner dog"",
  ""object_#7"": ""sitting dog"",
  ""object_#8"": ""schnauzer"",
  ""object_#9"": ""basset hound, big guy"",
  ""object_#10"": ""Doberman""
}"
dogs,20,4,"[5, 9, 1, 7, 3, 6, 10, 4, 8, 2]","{
  ""object_#1"": ""bearded English"",
  ""object_#2"": ""sled dog"",
  ""object_#3"": ""pug"",
  ""object_#4"": ""cocker spaniel"",
  ""object_#5"": ""Doberman"",
  ""object_#6"": ""poodle"",
  ""object_#7"": ""weiner"",
  ""object_#8"": ""the dog that's sitting"",
  ""object_#9"": ""schnauzer, looking down his leg"",
  ""object_#10"": ""big basset hound""
}"
dogs,21,1,"[2, 8, 4, 10, 6, 3, 7, 1, 9, 5]","{
  ""object_#1"": ""standing in a really upright position, black stomach, golden face, golden legs, at the tip of its tail, it's black"",
  ""object_#2"": ""very furry dog, one of those British looking dogs, yellow, right back leg facing out"",
  ""object_#3"": ""very scary looking dog, looking to the left, a brown leash around its neck, sitting down"",
  ""object_#4"": ""small Chihuahua looking thing, black"",
  ""object_#5"": ""black poodle with a golden thing on it"",
  ""object_#6"": ""one of those Dobermans, scary"",
  ""object_#7"": ""looks like a golden retriever but in a poodle version, stretching its neck out, very furry, brown, very small, no black spots, ears down, very long, facing to the left, face sticking up"",
  ""object_#8"": ""standing in a ready to attack position, black nose, rest of the dog is yellow or brown, ears pointing up, no tail, very small tail, very muscular"",
  ""object_#9"": ""looks like a Siberian husky, looks like a wolf"",
  ""object_#10"": ""some type of terrier, big mustaches, black brow, very small, tail pointing upright, tail is straight up""
}"
dogs,21,2,"[1, 2, 3, 4, 5, 6, 7, 8, 9, 10]","{
  ""object_#1"": ""the first dog is the one that has the black nose, ears upright, very muscular looking And is all yellow"",
  ""object_#2"": ""its ears are down, it's standing straight to the left, and at the end of its tail it's black"",
  ""object_#3"": ""Doberman"",
  ""object_#4"": ""the dog with the head facing to the left, sitting down, with the leash on it"",
  ""object_#5"": ""That Yorkie, with the tail upright"",
  ""object_#6"": ""the poodle, with the golden coin"",
  ""object_#7"": ""golden retriever with the face smelling"",
  ""object_#8"": ""the dog with its right back leg facing out And his head is down"",
  ""object_#9"": ""Siberian husky Looks like a wolf"",
  ""object_#10"": ""the hotdog""
}"
dogs,21,3,"[6, 5, 9, 7, 1, 10, 4, 8, 2, 3]","{
  ""object_#1"": ""poodle with the ring on its neck"",
  ""object_#2"": ""Yorkie with big mustaches"",
  ""object_#3"": ""Siberian husky"",
  ""object_#4"": ""that golden retriever we're having problems with"",
  ""object_#5"": ""it looks like a boxer, the one with the black nose, Very muscular, built body"",
  ""object_#6"": ""hotdog"",
  ""object_#7"": ""dog sitting down, facing to the left with the leash"",
  ""object_#8"": ""dog that has a leg problem"",
  ""object_#9"": ""dog with the black tail, and the ears down, With the black body"",
  ""object_#10"": ""that scary looking Doberman""
}"
dogs,21,4,"[5, 9, 1, 7, 3, 6, 10, 4, 8, 2]","{
  ""object_#1"": ""Yorkie with the mustache"",
  ""object_#2"": ""Siberian husky"",
  ""object_#3"": ""boxer, built body"",
  ""object_#4"": ""golden retriever"",
  ""object_#5"": ""Doberman"",
  ""object_#6"": ""poodle with the ring"",
  ""object_#7"": ""hotdog"",
  ""object_#8"": ""dog with the leash, sitting down"",
  ""object_#9"": ""dog with the leg problem"",
  ""object_#10"": ""dog with the black nose and black tail""
}"
dogs,22,1,"[2, 8, 4, 10, 6, 3, 7, 1, 9, 5]","{
  ""object_#1"": ""dog, facing sideways, tail is showing, orange brown, shadow's black on its back"",
  ""object_#2"": ""orange dog, black shadow going through it, body towards front right, face towards the left, two of them look like the same, doesn't have a leash on it or anything, not the one with the green background"",
  ""object_#3"": ""same position as the other dog, green background, leash"",
  ""object_#4"": ""poodle, brown, facing to the right, no leash on it, very small dog, face is towards the right, long ears, big ears"",
  ""object_#5"": ""poodle, golden necklace"",
  ""object_#6"": ""Labrador, very tall, black, facing to the left"",
  ""object_#7"": ""facing towards the left, looks like Lassie, very hairy, brownish"",
  ""object_#8"": ""bulldog, with a chain, facing towards the left"",
  ""object_#9"": ""wolf"",
  ""object_#10"": ""mustache, facing towards the left, black, in grass""
}"
dogs,22,2,"[1, 2, 3, 4, 5, 6, 7, 8, 9, 10]","{
  ""object_#1"": ""bulldog, with the chain"",
  ""object_#2"": ""the first dog with the tongue sticking out, with the black shadow on top, orange"",
  ""object_#3"": ""Labrador, tall, black"",
  ""object_#4"": ""the one with the leash, body towards the right, head towards the left, in the grass background"",
  ""object_#5"": ""wooshy, mustache"",
  ""object_#6"": ""golden necklace, circle"",
  ""object_#7"": ""Lassie, facing towards the left"",
  ""object_#8"": ""body towards the right, head towards the left, orange"",
  ""object_#9"": ""snow fox"",
  ""object_#10"": ""poodle, droopy ears, long nose""
}"
dogs,22,3,"[6, 5, 9, 7, 1, 10, 4, 8, 2, 3]","{
  ""object_#1"": ""the circle"",
  ""object_#2"": ""the mustache"",
  ""object_#3"": ""the hairy one facing to the left"",
  ""object_#4"": ""Lassie"",
  ""object_#5"": ""bulldog"",
  ""object_#6"": ""the long nose one"",
  ""object_#7"": ""the one facing towards the right, head towards the left, has a leash"",
  ""object_#8"": ""the one in the orange background, head turned"",
  ""object_#9"": ""the tongue sticking out"",
  ""object_#10"": ""the black, tall""
}"
dogs,22,4,"[5, 9, 1, 7, 3, 6, 10, 4, 8, 2]","{
  ""object_#1"": ""Mustache"",
  ""object_#2"": ""the snow fox one"",
  ""object_#3"": ""the bulldog with the leash"",
  ""object_#4"": ""Lassie"",
  ""object_#5"": ""the tall one, The black, tall one"",
  ""object_#6"": ""the circle"",
  ""object_#7"": ""the long nose"",
  ""object_#8"": ""the one with the leash, turning his head"",
  ""object_#9"": ""Green background, the golden background, with the head turned too"",
  ""object_#10"": ""the tongue sticking out""
}"
dogs,23,1,"[2, 8, 4, 10, 6, 3, 7, 1, 9, 5]","{
  ""object_#1"": ""this dog is standing upright, patch of black around his stomach and back area, legs camel color, black tip on his tail"",
  ""object_#2"": ""furry, turning towards his butt, white legs, patch of black on his butt, two inches of fur"",
  ""object_#3"": ""sitting down, brown collar, surrounded by green"",
  ""object_#4"": ""really short dog, looks like a weiner, stubby legs, all black"",
  ""object_#5"": ""all black, shiny collar"",
  ""object_#6"": ""looks like a Doberman, shiny black, outlined in green"",
  ""object_#7"": ""looks like a cocker spaniel, longish hair, looking up"",
  ""object_#8"": ""bulldog, legs digging into the ground, puppy face"",
  ""object_#9"": ""wolf dog, white tail"",
  ""object_#10"": ""short, beard, tail pointing up, all black""
}"
dogs,23,2,"[1, 2, 3, 4, 5, 6, 7, 8, 9, 10]","{
  ""object_#1"": ""the dog with the sad puppy face, his legs are digging into the ground behind him"",
  ""object_#2"": ""he's got the black patch"",
  ""object_#3"": ""he looks like a Doberman?, He's shiny all over, He's black"",
  ""object_#4"": ""he's looking at his tail, and he's sitting down"",
  ""object_#5"": ""a beard, curly hair, black"",
  ""object_#6"": ""the poodle, the black one, the circular thing on his collar"",
  ""object_#7"": ""He's got brown hair, His ears droop, He's like the cocker spaniel"",
  ""object_#8"": ""he looks like he's biting his butt, He's got the yellow outline at the bottom, and the black on top"",
  ""object_#9"": ""the wolf"",
  ""object_#10"": ""the short, weiner dog""
}"
dogs,23,3,"[6, 5, 9, 7, 1, 10, 4, 8, 2, 3]","{
  ""object_#1"": ""the one with the circle thing on his collar"",
  ""object_#2"": ""the ears, The tail sticking up"",
  ""object_#3"": ""the wolf?"",
  ""object_#4"": ""the cocker spaniel, He's like tan color with droopy ears, it's like wavy, Looks like human hair"",
  ""object_#5"": ""the bulldog"",
  ""object_#6"": ""the weiner dog"",
  ""object_#7"": ""that dog--he looks like he's looking--he's sitting down, he's looking towards..."",
  ""object_#8"": ""Number eight, yellow bottom, Top"",
  ""object_#9"": ""the first dog we ever looked at, with the black patch on his stomach"",
  ""object_#10"": ""the Doberman? He's shiny all over, Black""
}"
dogs,23,4,"[5, 9, 1, 7, 3, 6, 10, 4, 8, 2]","{
  ""object_#1"": ""furry, black, ears point up"",
  ""object_#2"": ""the wolf"",
  ""object_#3"": ""the bulldog"",
  ""object_#4"": ""the cocker spaniel"",
  ""object_#5"": ""the shiny black dog"",
  ""object_#6"": ""poodle with the circle thing on his collar"",
  ""object_#7"": ""the weiner dog"",
  ""object_#8"": ""the dog with the green outline"",
  ""object_#9"": ""the dog that looks like he's biting his butt, yellow on the bottom, black on top"",
  ""object_#10"": ""the first dog we looked at with the black patch""
}"
dogs,24,1,"[2, 8, 4, 10, 6, 3, 7, 1, 9, 5]","{
  ""object_#1"": ""yellow, big black spot on the center, long ears, wide snout, some kind of Labrador I think"",
  ""object_#2"": ""curly hair, short ears, mostly yellow, white dog, black spot covering pretty much his whole center"",
  ""object_#3"": ""short-haired dog, ears darker than body, tail long for the size of him, wearing a collar"",
  ""object_#4"": ""all black, short, very short legs, short hair, curly but not as curly as the other dog on the list, dachshund or something, long torso, long snout"",
  ""object_#5"": ""poodle, black poodle, collar, big round charm on it"",
  ""object_#6"": ""very short hair, all black except for his snout, which is part light brown, mean dog"",
  ""object_#7"": ""long-haired, tan colored dog, darker around torso, lighter around legs, ears are the lightest part of him"",
  ""object_#8"": ""bulldog, yellow body, black snout, pointy ears, big eyes, short tail, chain collar"",
  ""object_#9"": ""husky, black and white, sticking his tongue out"",
  ""object_#10"": ""very small, black dog, hair drapes all the way from body to the ground, short tail, pointy ears""
}"
dogs,24,2,"[1, 2, 3, 4, 5, 6, 7, 8, 9, 10]","{
  ""object_#1"": ""he looks like a bulldog, All yellow body, black snout, and pointy ears"",
  ""object_#2"": ""this is the one with the largest spot?"",
  ""object_#3"": ""the third one is all black, except for a little stripe of yellow on his cheek, he has yellow paws, but he's all black, shiny coat, short fur"",
  ""object_#4"": ""the fourth one looks like he has kind of a beagle face, all yellow, collar, it's a thicker collar, compared to the other dogs, yellow body, black ears, he has kind of like a retriever face?"",
  ""object_#5"": ""the next dog is a terrier, all black, this is the longest haired dog, short little thing, with a little stumpy tail, his hair reaches the ground"",
  ""object_#6"": ""the next dog is a really long haired; he looks like he has a retriever face too; he's pointing with his nose"",
  ""object_#7"": ""the next dog is a short haired dog, it's really curly hair, all white, or maybe there's a black spot but I can't tell if it's a shadow, like on his stomach?"",
  ""object_#8"": ""the next dog is a husky, black and white dog, really different looking than the other dogs"",
  ""object_#9"": ""the last one is really short, little, black thing? short hair""
}"
dogs,24,3,"[6, 5, 9, 7, 1, 10, 4, 8, 2, 3]","{
  ""object_#1"": ""poodle with the charm"",
  ""object_#2"": ""short little stumpy dog with the moppy hair"",
  ""object_#3"": ""husky, black and white dog, with his tongue hanging out"",
  ""object_#4"": ""long haired dog that's pointing to the sky with his nose"",
  ""object_#5"": ""very short hair, all yellow body, black snout, short snout, really pointy ears"",
  ""object_#6"": ""male dog, collar, chain collar, skinner than the other dogs that are all yellow"",
  ""object_#7"": ""very short hair, looks like curly hair, all black, completely black, very short feet, short and black and curly hair"",
  ""object_#8"": ""body facing right, face facing left, looking towards something"",
  ""object_#9"": ""white, tall, poodle-ish, not fro-ey"",
  ""object_#10"": ""huge spot on his torso"",
  ""object_#11"": ""very skinny, very shiny coat, all black except for the yellow stripe on his face""
}"
dogs,24,4,"[5, 9, 1, 7, 3, 6, 10, 4, 8, 2]","{
  ""object_#1"": ""really short, stumpy, little, long haired black dog that we've seen before with the pointy tail"",
  ""object_#2"": ""the black and white husky dog"",
  ""object_#3"": ""the skinny dog that looks like he's running with the short chain collar and short, stumpy tail, black face"",
  ""object_#4"": ""golden retriever with really long hair and really long ears"",
  ""object_#5"": ""the black dog with the really shiny coat and the stripe of the gold on his face"",
  ""object_#6"": ""black poodle, with the charm around his neck"",
  ""object_#7"": ""black, really short, like a basset hound"",
  ""object_#8"": ""Labrador, short hair, thick brown chain around his neck"",
  ""object_#9"": ""white poodle, short hair, curly"",
  ""object_#10"": ""big, yellow dog with the black spot on his belly""
}"
dogs,34,1,"[2, 8, 4, 10, 6, 3, 7, 1, 9, 5]","{
  ""object_#1"": ""In the middle of the dog is black, It's facing to your left, Has a little black tail, Half is black"",
  ""object_#2"": ""The second one...the dog is facing to your right, but the head is turned to your left, it's yellow"",
  ""object_#3"": ""The third one is like the same position, but now it's green all around, and the dog is brown, It's green outline, The third one is--it look like one of them little--little wiener dogs, It's kind of black, There's no background, it's just black and it's short and little, It's just black, No outline, it's just black, It's kind of brown, all black?"",
  ""object_#4"": ""And the thir--I mean the fifth one, it's black, but it looks like furry, and it has a collar, around the neck, It's like in a circle color, Circle, Circle, It's black--look like...little--it has furry, like--furry dogs, It's the only one with the collar, With a collar around it, Circle, It's the fur looks different from the rest of them"",
  ""object_#5"": ""Sixth one is like um… It’s skinny, It’s a skinny black dog, golden retriever, It has long ears, to the left, laying on grass"",
  ""object_#6"": ""It has a black nose, it looks like a mean dog, Both of the ears are sticking up, It’s like running"",
  ""object_#7"": ""It’s the only white dog, White with a grayish tail"",
  ""object_#8"": ""ten is the old-looking dog, sitting in grass"",
  ""object_#9"": """",
  ""object_#10"": """"
}"
dogs,34,2,"[1, 2, 3, 4, 5, 6, 7, 8, 9, 10]","{
  ""object_#1"": ""The first dog has both of his ears standing up, The black dog, it has black nose, around the eyes"",
  ""object_#2"": ""The second dog is black in the middle, Has black in the middle, the outside--his legs looks yellow and orange"",
  ""object_#3"": ""The third dog is the black skinny dog"",
  ""object_#4"": ""The fourth one is sittin' in grass, it's turned to the right, but it lookin' back to the left"",
  ""object_#5"": ""the fifth dog is the old lookin' dog sittin' in grass"",
  ""object_#6"": ""the sixth dog has the collar, with the circle on it, it's black, Around the collar, Look like a name tag or something"",
  ""object_#7"": ""the seventh dog looks like it's layin' on the grass, with the long ear on the side"",
  ""object_#8"": ""the fifth dog is turned to the right, but lookin' back"",
  ""object_#9"": ""The nine dog is white--the white dog"",
  ""object_#10"": ""the ten one is the dog by itself, The little short black dog, it's kinda brown""
}"
dogs,34,3,"[6, 5, 9, 7, 1, 10, 4, 8, 2, 3]","{
  ""object_#1"": ""The first dog has the collar around it"",
  ""object_#2"": ""Second dog, is the old lookin' dog sittin' in the grass"",
  ""object_#3"": ""The third dog is white"",
  ""object_#4"": ""The fourth dog is the dog sittin' in the grass but with the long ear"",
  ""object_#5"": ""The fifth dog is the runnin'--looks like it's runnin'"",
  ""object_#6"": ""The sixth dog is the little black brownish dog with no background"",
  ""object_#7"": ""The seven dog is lookin' to your right, but turned back to the left in the grass"",
  ""object_#8"": ""The eighth one is the same dog, it's not the same dog, but he's lookin' to your right, turned back to your left, and he has the yellowish background"",
  ""object_#9"": ""The ninth dog is lookin' to the left, with the black middle, and the black tail"",
  ""object_#10"": ""The tenth dog is the black skinny dog""
}"
dogs,34,4,"[5, 9, 1, 7, 3, 6, 10, 4, 8, 2]","{
  ""object_#1"": ""sittin' on the grass, The old dog, Lookin' dog"",
  ""object_#2"": ""white dog"",
  ""object_#3"": ""runnin' dog, The one that looks like it's running"",
  ""object_#4"": ""sittin' in the grass with the long ear on the side"",
  ""object_#5"": ""skinny black dog"",
  ""object_#6"": ""dog with the circle collar, Black, With the name tag"",
  ""object_#7"": ""the black, brownish, little, short dog"",
  ""object_#8"": ""the dog sittin' in the grass with his head turned to your left"",
  ""object_#9"": """",
  ""object_#10"": ""the one--dog with the yellowish background turned to the left, the tenth dog with the black middle and the black little tail""
}"
dogs,35,1,"[2, 8, 4, 10, 6, 3, 7, 1, 9, 5]","{
  ""object_#1"": ""dog, two colors, gold and black, pattern on the back that rolls down the stomach, left side of the body, ears in the middle of the neck, one of its teeth sticking out, standing on all four"",
  ""object_#2"": ""goldish with sheep hair, not black, a little black on it, head facing right, left ear visible, folds forming an L, standing on yellow grass, half black background, half yellow background"",
  ""object_#3"": ""grayish color, not much hair, leash hanging, someone pulling the leash, brown color, tail laying out behind it, sitting down on hind legs, two front legs standing up, green grass"",
  ""object_#4"": ""smaller dog, short feet, long body, black, curly hair, no visible tail, no background, short legs, long stomach like a sausage"",
  ""object_#5"": ""yellow background, leash with a round dog tag, round circular tag, black fluffy hair, big ears, sheep dog, goldish background, body facing you slightly to the right"",
  ""object_#6"": ""hound dog, no hair, black, muscular, standing on the side, facing the same direction as dog number one, all black, brownish on the mouth and the muzzle, green background"",
  ""object_#7"": ""dog facing the same direction, more hair, brown, hair growing out from the stomach and the legs, ears falling down from the head, face up a little bit"",
  ""object_#8"": ""muscular like number six, brown/golden, brown color, ears facing up, short tail, standing on its two front legs, back legs in a running position, bulldog"",
  ""object_#9"": ""husky, white hair in the front, tongue sticking out, black hair on the back, green background"",
  ""object_#10"": ""black dog, leaning, lying down, tail up in the air""
}"
dogs,35,2,"[1, 2, 3, 4, 5, 6, 7, 8, 9, 10]","{
  ""object_#1"": ""muscular dog, standing on its front two legs"",
  ""object_#2"": ""dog with the tooth in front of it, coming out of its mouth"",
  ""object_#3"": ""muscular dog with black hair, brown by its muzzle, brown on its front left paw, short hair"",
  ""object_#4"": ""dog with leash tied to the ground, tail laying on the grass, all brown, head tilted to the side"",
  ""object_#5"": ""dog with tail pointed straight up in the air, lying down in grass"",
  ""object_#6"": ""dog with collar, round metallic dog tag"",
  ""object_#7"": ""dog with long hair from the stomach and legs, ears falling off"",
  ""object_#8"": ""black on top, golden on bottom, golden hair, ears folded in the shape of an L"",
  ""object_#9"": ""husky dog, white fur, tongue sticking out, black on the back"",
  ""object_#10"": ""short legs, long body""
}"
dogs,35,3,"[6, 5, 9, 7, 1, 10, 4, 8, 2, 3]","{
  ""object_#1"": ""Dog with that metallic round circle, dog tag, on the leash"",
  ""object_#2"": ""Dog with a tail pointing out in the air, Straight up"",
  ""object_#3"": ""The husky, White hair, tongue sticking out"",
  ""object_#4"": ""Dog with the ears falling down?"",
  ""object_#5"": ""Muscular dog, Golden, Sort of leaning on the front two legs, running in the back legs"",
  ""object_#6"": ""short, black, Fuzzy hair, short legs, long body"",
  ""object_#7"": ""Dog, just sitting down on green grass, Tail lying down--tail lying out behind it"",
  ""object_#8"": ""Half black, half go--half yellow, Black on top, yellow on bottom background"",
  ""object_#9"": ""Dog number nine is a dog with a tooth sticking out of its mouth"",
  ""object_#10"": ""Dog number ten is a muscular, black…dog, Standing up""
}"
dogs,35,4,"[5, 9, 1, 7, 3, 6, 10, 4, 8, 2]","{
  ""object_#1"": ""tail sticking up in the air"",
  ""object_#2"": ""Lying down, Husky, Tongue coming out of mouth"",
  ""object_#3"": ""Muscular dog leaning on front legs, gold, brown hair"",
  ""object_#4"": ""Ears falling off"",
  ""object_#5"": ""Muscular, black, standing up straight"",
  ""object_#6"": ""dog tag, a round dog tag, metal round dog tag"",
  ""object_#7"": ""Short legs, long body"",
  ""object_#8"": ""Tail laying on the back, sitting on grass"",
  ""object_#9"": ""Half yellow, half black"",
  ""object_#10"": ""The tooth sticking out of mouth""
}"
dogs,37,1,"[2, 8, 4, 10, 6, 3, 7, 1, 9, 5]","{
  ""object_#1"": ""brown and black, with a long tail, facing the left, short nose"",
  ""object_#2"": ""facin' us, lookin' to the right"",
  ""object_#3"": ""brown, collar, big ears"",
  ""object_#4"": ""like a long dog, looks like a hotdog, black or brown, big nose"",
  ""object_#5"": ""curly hair, collar, dog tag"",
  ""object_#6"": ""Doberman pinscher, black dog, greasy, tall, brown feet"",
  ""object_#7"": ""long hair on its belly, brown, big ears"",
  ""object_#8"": ""boxer, short nose, brown, pointy ears"",
  ""object_#9"": ""husky, white and black, tongue sticking out"",
  ""object_#10"": ""tail's sticking up, blackish brown, like a beard, dark""
}"
dogs,37,2,"[1, 2, 3, 4, 5, 6, 7, 8, 9, 10]","{
  ""object_#1"": ""it's got a black nose, pointy ears, and it's a brown dog"",
  ""object_#2"": ""short nose, black and brown"",
  ""object_#3"": ""a pinscher, looks greasy"",
  ""object_#4"": ""long tail, brown dog with a collar, looks like he's chained to something"",
  ""object_#5"": ""beard on his chin, tail stickin' up and back, ears stickin' up, tail stickin' straight up"",
  ""object_#6"": ""black dog with curly hair, dog tag with a circular metal"",
  ""object_#7"": ""long ears, brown dog with long ears, a lot of hair on his belly"",
  ""object_#8"": ""brown dog, looks like a lot of yellow on the bottom"",
  ""object_#9"": ""black and white dog with a tongue sticking out"",
  ""object_#10"": ""black dog, with curly hair""
}"
dogs,37,3,"[6, 5, 9, 7, 1, 10, 4, 8, 2, 3]","{
  ""object_#1"": ""black dog with curly hair with the medal, dog tag"",
  ""object_#2"": ""tail stickin' up and the beard"",
  ""object_#3"": ""black and white one with the tongue stickin' out"",
  ""object_#4"": ""the hairy belly, the long ears, head stickin' up"",
  ""object_#5"": ""brown one with the black snout and the ears stickin' up, short tail"",
  ""object_#6"": ""the hotdog, before he looked black, now he looks brown, long nose, big ears, looks like he doesn't even have legs"",
  ""object_#7"": ""dog with the tail laying on the ground, brown dog"",
  ""object_#8"": ""a lot of yellow at the bottom of it, dog's head is turned"",
  ""object_#9"": ""the one with a lot of black, in the middle"",
  ""object_#10"": ""the black dog with the Doberman""
}"
dogs,37,4,"[5, 9, 1, 7, 3, 6, 10, 4, 8, 2]","{
  ""object_#1"": ""hairy chin, tail stickin' up, short, hairy dog"",
  ""object_#2"": ""black and white dog with the tail stickin' out"",
  ""object_#3"": ""brown dog with a short nose, and a small tail"",
  ""object_#4"": ""long ears and a hairy belly"",
  ""object_#5"": ""Doberman pinscher, black dog with grease on him"",
  ""object_#6"": ""black dog with curly hair, round dog tag"",
  ""object_#7"": ""short dog"",
  ""object_#8"": ""dog with the tail laying on the ground, looking to the side"",
  ""object_#9"": ""yellow background on it, dog looking to the side"",
  ""object_#10"": ""the first on the first on the first, the second on the second""
}"
dogs,43,1,"[2, 8, 4, 10, 6, 3, 7, 1, 9, 5]","{
  ""object_#1"": ""black right in the middle, like oval, orange, back ones are kinda yellowish, black on the corner of the tail, tip of the tail is black, facing left"",
  ""object_#2"": ""orange with a bit of black on the belly, small ears, yellowish legs, background black on the upper body and yellow on the lower body, looking left, head tilted, one leg outward"",
  ""object_#3"": ""green background, light brown, sitting down, short legs, long tail, collar, head facing left while body faces right"",
  ""object_#4"": ""small, black, facing right, long mouth"",
  ""object_#5"": ""taller than the last one, black, curly hair, collar with a medallion, facing left, yellowish background"",
  ""object_#6"": ""tall, black with a bit of brown on mouth and feet, facing left"",
  ""object_#7"": ""facing left, standing up, about to sit down, brown with darker brown belly, long hair, floppy ears, lighter ears and legs, orange legs"",
  ""object_#8"": ""standing tall, black mouth with black surrounding its eyes, small ears sticking up, chain collar, orange-brownish, yellow background"",
  ""object_#9"": ""white dog with black surrounding, tongue sticking out"",
  ""object_#10"": ""small dog, black, ugly face, short tail sticking up, green background""
}"
dogs,43,2,"[1, 2, 3, 4, 5, 6, 7, 8, 9, 10]","{
  ""object_#1"": ""it's standing tall, It has a black mouth with dark black surrounding around his eyes, it has small ears sticking up, has a chain collar, it's kinda brownish orange and a yellow background"",
  ""object_#2"": ""has a black belly, it's standing tall, it's looking left, has a tip of black on the tail, has a bit of black on the mouth, Kinda orangey, the first front legs are orange, and the back one has a yellow on it"",
  ""object_#3"": ""it's standing tall, It's black, It only has a bit of brown on its mouth, and on the tip of its feet"",
  ""object_#4"": ""it's sitting down, his body is towards the right, but his face is looking left, it's sitting on grass, the background's green, tail is on the floor, it's a long tail, and it has a collar"",
  ""object_#5"": ""Toto"",
  ""object_#6"": ""it's black, curly hair, has a medallion on the collar"",
  ""object_#7"": ""it has long hair, brown, darker brown hair in the middle, It's facing left, and it's standing, has floppy ears"",
  ""object_#8"": ""half black background half yellow background on the bottom"",
  ""object_#9"": ""it has his tongue stickin' out, It's white, and it has black"",
  ""object_#10"": ""it's a short dog with a long mouth""
}"
dogs,43,3,"[6, 5, 9, 7, 1, 10, 4, 8, 2, 3]","{
  ""object_#1"": ""black curly hair, collar with a medallion"",
  ""object_#2"": ""toto again"",
  ""object_#3"": ""tongue stickin' out, white dog facing left"",
  ""object_#4"": ""long hair, facing left, floppy ears, darkish brown in the belly, light around the feet"",
  ""object_#5"": ""standing tall, black mouth, black around eyes, ears standing up, chain collar"",
  ""object_#6"": ""small dog, black, short and a long mouth"",
  ""object_#7"": ""green background, sitting down on the grass, long tail on the grass, body towards the right, head facing left"",
  ""object_#8"": ""background is half black half yellow"",
  ""object_#9"": ""standing up, black on the belly, front two legs orange"",
  ""object_#10"": ""all black, bit of brown on the mouth, brown on the tips of the feet""
}"
dogs,43,4,"[5, 9, 1, 7, 3, 6, 10, 4, 8, 2]","{
  ""object_#1"": ""it's Toto"",
  ""object_#2"": ""it has its tongue sticking out, white hair with a bit of blackish, and standing up"",
  ""object_#3"": ""it's standing up tall, it has black mouth, black surrounding in the eyes, ears sticking up, and chain collar"",
  ""object_#4"": ""it has long hair, looking left, it has floppy ears"",
  ""object_#5"": ""it's all black with a bit a brown on the mouth and on the tip of the feet"",
  ""object_#6"": ""it's black short dog with a collar that has a medallion on it"",
  ""object_#7"": ""it's a short dog, kinda longish, with little feet and a big mouth"",
  ""object_#8"": ""it's sitting down on the grass, long tail, has a collar, looking left, but the body's towards the right"",
  ""object_#9"": ""the background is half black top half yellow on the bottom"",
  ""object_#10"": ""it's black belly with the two front feet""
}"
dogs,45,1,"[2, 8, 4, 10, 6, 3, 7, 1, 9, 5]","{
  ""object_#1"": ""it's standing the four legs and in the middle it's black"",
  ""object_#2"": ""The second one, those furry dogs, it's looking towards the back, one of its leg is standing out"",
  ""object_#3"": ""This one is light beige and standing on grass, it's sitting, it has a leash, and it's looking back"",
  ""object_#4"": ""it's brown, dark brown, skinny, you can only see three of its legs, can't see its tail, mouth part sticking out"",
  ""object_#5"": ""a poodle with a leash and a small circular collar"",
  ""object_#6"": ""German shepherd, black with light goldish brown on the nose and goldish brown paws, standing on grass"",
  ""object_#7"": ""golden retriever laying down on the grass, stomach area on the back darker brown, legs and head goldish, nose black"",
  ""object_#8"": ""goldish, mouth and nose part black, collar, black legs extended out, small tail"",
  ""object_#9"": ""wolf, white dog, blackish on the back"",
  ""object_#10"": ""furry dog with fur coming down on the mouth""
}"
dogs,45,2,"[1, 2, 3, 4, 5, 6, 7, 8, 9, 10]","{
  ""object_#1"": ""the dog with the black nose and mouth and the rest of its body is goldish and like the legs are extended out"",
  ""object_#2"": ""the dog with the black stomach and back and legs it's goldish legs and then tail is long"",
  ""object_#3"": ""German shepherd standing on the grass, goldish around the mouth part, really black"",
  ""object_#4"": ""dog sitting on the grass and it's looking back and it has a leash"",
  ""object_#5"": ""dog that's sitting down and it's really furry and his hair is hanging out and the tail is sticking up, it's black, sitting on the grass"",
  ""object_#6"": ""poodle with the circle leash"",
  ""object_#7"": ""golden retriever that's laying on the ground"",
  ""object_#8"": ""tiny fur dog, one leg is extended out and it's looking back"",
  ""object_#9"": ""white dog, the wolf"",
  ""object_#10"": ""hot dog dog""
}"
dogs,45,3,"[6, 5, 9, 7, 1, 10, 4, 8, 2, 3]","{
  ""object_#1"": ""the poodle with the round leash"",
  ""object_#2"": ""the one with the fur hanging out of its mouth and sitting on the grass with the tail sticking up"",
  ""object_#3"": ""the white dog--the wolf"",
  ""object_#4"": ""the one that's laying down"",
  ""object_#5"": ""the one that's black on the mouth and like two legs extending out and it's goldish"",
  ""object_#6"": ""the hot dog dog"",
  ""object_#7"": ""the one that's sitting and like it's looking back on the grass and the tail is on the grass and it's long"",
  ""object_#8"": ""the small furry dog"",
  ""object_#9"": ""the dog that's standing up with the long tail, blackish…stomach in back"",
  ""object_#10"": ""the German shepherd""
}"
dogs,45,4,"[5, 9, 1, 7, 3, 6, 10, 4, 8, 2]","{
  ""object_#1"": ""dog with the hair hanging out of the mouth and the tail sticking up"",
  ""object_#2"": ""white dog"",
  ""object_#3"": ""dog with the two legs extending out, goldish with the black nose and mouth part"",
  ""object_#4"": ""golden retriever that's laying down"",
  ""object_#5"": ""German shepherd"",
  ""object_#6"": ""poodle"",
  ""object_#7"": ""hotdog"",
  ""object_#8"": ""dog sitting down"",
  ""object_#9"": ""dog with one leg extended out"",
  ""object_#10"": ""the one that's standing up""
}"
baskets,20,1,"[9, 3, 7, 5, 10, 1, 4, 6, 2, 8]","{
  ""object_#1"": ""a very long basket, rectangular in shape, light tan, weaved, handle coming over the top"",
  ""object_#2"": ""huge handle, very small basket, red, brown and green weaving, right in the middle, can see right through the handle"",
  ""object_#3"": ""large basket, another handle, same color, weave is very wide, a lot of spaces in it, it's black in the bottom, you can see right through it, a large handle also, but it's not really that large in proportion to the basket, it's very circular"",
  ""object_#4"": ""very tight weave, without a handle, very large bowl, bottom looks like a solid piece of bamboo"",
  ""object_#5"": ""small basket, wide weave, red weave through the whole thing"",
  ""object_#6"": ""tan bowl, solid beading, green in it, on the other side"",
  ""object_#7"": ""lid on top of it, two handles on the sides, lid on top of it and the handles come through the lid, tan with a little knob on the lid itself"",
  ""object_#8"": ""triangular"",
  ""object_#9"": ""squarish handle, round lid, looks similar to old style picnic baskets"",
  ""object_#10"": ""similar handle to the previous one, rough looking round lid, itself is more squared, almost a little rectangular, tapers towards the bottom""
}"
baskets,20,2,"[6, 9, 1, 7, 8, 10, 4, 3, 2, 5]","{
  ""object_#1"": ""triangular shaped basket"",
  ""object_#2"": ""rectangular large very long"",
  ""object_#3"": ""bowl with the green striping"",
  ""object_#4"": ""very round with the very open weave"",
  ""object_#5"": ""tapered basket that looks almost like an old rough handbag with a thin handle up at the top and a very rough looking lid on it"",
  ""object_#6"": ""red ribbon"",
  ""object_#7"": ""the one with the top, with the two handles sticking out"",
  ""object_#8"": ""the one with the very large handle"",
  ""object_#9"": ""very small basket"",
  ""object_#10"": ""very large""
}"
baskets,20,3,"[10, 8, 2, 4, 6, 5, 7, 3, 9, 1]","{
  ""object_#1"": ""the basket with the red ribbon running through it"",
  ""object_#2"": ""the tapered basket with the rough top on it"",
  ""object_#3"": ""the round one, with the square handle"",
  ""object_#4"": ""the one with two handles"",
  ""object_#5"": ""our triangular basket"",
  ""object_#6"": ""the very large bowl"",
  ""object_#7"": ""the rounded one, with the very open weave and the black in the bottom"",
  ""object_#8"": ""the small, with the large handle"",
  ""object_#9"": ""the really long, rectangular one with the handle in the middle"",
  ""object_#10"": ""the green background""
}"
baskets,20,4,"[8, 2, 6, 4, 1, 10, 5, 7, 3, 9]","{
  ""object_#1"": ""the tapered with the rough lid"",
  ""object_#2"": ""the round lid and the square handle"",
  ""object_#3"": ""our triangular"",
  ""object_#4"": ""the two handle with the large lid"",
  ""object_#5"": ""the green background"",
  ""object_#6"": ""the red ribbon"",
  ""object_#7"": ""the very large bowl with the tight weave"",
  ""object_#8"": ""the very open weave, with the black bottom"",
  ""object_#9"": ""the small basket"",
  ""object_#10"": ""Rectangle""
}"
baskets,21,1,"[9, 3, 7, 5, 10, 1, 4, 6, 2, 8]","{
  ""object_#1"": ""a long basket, It looks like a rectangle, It's probably the longest one in the picture, It's square in shape, Rectangular in shape"",
  ""object_#2"": ""the second one has a very big handle on it, and a very small basket in a pyramidal shape, a really big, circular looking handle, Big circular handle, It's probably got the longest base from the basket to the handle"",
  ""object_#3"": ""criss-crossing weaves, this one has probably the one with the most open space in between each, it's got a circular handle"",
  ""object_#4"": ""one of the biggest baskets in the picture, stitched closely, the crossing is really close, oval shaped, round shaped, No handles, Very circular"",
  ""object_#5"": ""Five is got a red ribbon around it"",
  ""object_#6"": ""Six has a green lining in the back"",
  ""object_#7"": ""Seven has a handle, a cover on it, with two handles on the side"",
  ""object_#8"": ""a heart shape purse looking thing"",
  ""object_#9"": ""Number nine is a round bucket with a cover and a squarish handle on it"",
  ""object_#10"": ""It's long, vertical, No two handles on the side, One handle and it's long, It's got a cover and one handle, really deep""
}"
baskets,21,2,"[6, 9, 1, 7, 8, 10, 4, 3, 2, 5]","{
  ""object_#1"": ""heart shaped"",
  ""object_#2"": ""That long one with the handle"",
  ""object_#3"": ""the one with the green lining in the back"",
  ""object_#4"": ""that one with the cross-stitching that's really wide cross-stitched, round handle"",
  ""object_#5"": ""really long, with a cover and a handle, only one handle"",
  ""object_#6"": ""the one with the red ribbon"",
  ""object_#7"": ""the one with the handle, two handles on each side, and a top, really golden looking"",
  ""object_#8"": ""red lining in it, really big circular handle"",
  ""object_#9"": ""smaller, rounder, cover, one handle, square handle"",
  ""object_#10"": ""open basket, very tightly stitched, no cover, no handles""
}"
baskets,21,3,"[10, 8, 2, 4, 6, 5, 7, 3, 9, 1]","{
  ""object_#1"": ""red ribbon"",
  ""object_#2"": ""open basket, no handle"",
  ""object_#3"": ""shorter version of number two, with the square handle"",
  ""object_#4"": ""golden basket with a top on it, and two handles on the sides"",
  ""object_#5"": ""heart shaped purse looking thing"",
  ""object_#6"": ""open one that is stitched really tightly together, no handles, no cover"",
  ""object_#7"": ""stitched with the wide spaces in between"",
  ""object_#8"": ""really big handle, and a red stitching along it too"",
  ""object_#9"": ""rectangular, open with one handle on it"",
  ""object_#10"": ""the green lining on the back""
}"
baskets,21,4,"[8, 2, 6, 4, 1, 10, 5, 7, 3, 9]","{
  ""object_#1"": ""the really long basket, deep basket, with the cover and the handle on it"",
  ""object_#2"": ""the shorter version with the square handle, with the top"",
  ""object_#3"": ""the heart shape"",
  ""object_#4"": ""the top and the two handles on the side, very golden looking"",
  ""object_#5"": ""the one with the green lining"",
  ""object_#6"": ""the red ribbon, no top, no handle"",
  ""object_#7"": ""the really big one, without the top and the close stitching"",
  ""object_#8"": ""the one with the wide crosses, it's got a handle, a lot of space between the crosses"",
  ""object_#9"": ""the round one, with the really long handle, big handle on it, with the red weaving"",
  ""object_#10"": ""the really long basket that's open, rectangular, with one handle in the middle""
}"
baskets,22,1,"[9, 3, 7, 5, 10, 1, 4, 6, 2, 8]","{
  ""object_#1"": ""rectangular and oval shaped, light brown, long"",
  ""object_#2"": ""reddish things in it, green, small basket with a handle, red strips through it, loop is very big"",
  ""object_#3"": ""black and light brown, very small, no bottom visible, black at the bottom, little loops, has a handle, no cover"",
  ""object_#4"": ""big, circulish, interior visible, bottom not visible, dark brown, very deep"",
  ""object_#5"": ""red ribbon, small basket, no handles"",
  ""object_#6"": ""triangular, green, triangles inside"",
  ""object_#7"": ""circulish, large, very small loops, two loops at the end, cover, small thing to pick it up"",
  ""object_#8"": ""triangular, red and green, stylish"",
  ""object_#9"": ""circulish, handle, rectangular handle, cover, short, circular"",
  ""object_#10"": ""rectangular, pointed in towards the end, cover, handle, very long""
}"
baskets,22,2,"[6, 9, 1, 7, 8, 10, 4, 3, 2, 5]","{
  ""object_#1"": ""the triangular one, with the red and green stripes, coming in like a half diamond"",
  ""object_#2"": ""the rectangular one, with the handle in the middle, you could see the bottom"",
  ""object_#3"": ""the green triangles one, with the green through the back, designs on the back"",
  ""object_#4"": ""the one with the black bottom and a black ribbon going through it, towards the bottom it looks striped, it has one handle, it's round"",
  ""object_#5"": ""the last one, the rectangular one, the longer one, with the cover on it"",
  ""object_#6"": ""the one with the red ribbon going through, no handle"",
  ""object_#7"": ""the kettle, the pickup thing, with two small handles on the side"",
  ""object_#8"": ""not the triangular red ribbon one, a different one, with red and green in it"",
  ""object_#9"": ""the round one with the handle and the cover"",
  ""object_#10"": ""the round, very deep one""
}"
baskets,22,3,"[10, 8, 2, 4, 6, 5, 7, 3, 9, 1]","{
  ""object_#1"": ""the one with the red ribbon"",
  ""object_#2"": ""the rectangular one with the handle and the cover on it"",
  ""object_#3"": ""the short one with the cover"",
  ""object_#4"": ""the one with the two little handles on the side, and the kettle thingy on the top"",
  ""object_#5"": ""the triangular one, with the red and the green and the diamond things going into it"",
  ""object_#6"": ""the deep one"",
  ""object_#7"": ""the black ribbon"",
  ""object_#8"": ""the red one, with the red ribbons, but it's not the triangular one"",
  ""object_#9"": ""the rectangular one with the handle in the middle"",
  ""object_#10"": ""the green triangles""
}"
baskets,22,4,"[8, 2, 6, 4, 1, 10, 5, 7, 3, 9]","{
  ""object_#1"": ""the tall one with the cover on it"",
  ""object_#2"": ""the short one with the cover on it, and the handle"",
  ""object_#3"": ""the triangular one with the red rib--red and green"",
  ""object_#4"": ""the one with the two handles, with the thing on top"",
  ""object_#5"": ""the green tar--triangles"",
  ""object_#6"": ""no handle, just the red ribbon"",
  ""object_#7"": ""the very deep one"",
  ""object_#8"": ""the black ribbon in the bottom"",
  ""object_#9"": ""the red one with the handle"",
  ""object_#10"": ""the handle in the middle""
}"
baskets,23,1,"[9, 3, 7, 5, 10, 1, 4, 6, 2, 8]","{
  ""object_#1"": ""oblong, rectangular basket"",
  ""object_#2"": ""the smallest out of all of them with the handle, looks like it's cut in half, somehow, interwoven in it"",
  ""object_#3"": ""it's got a bigger weave than all the other baskets, looks like a circle"",
  ""object_#4"": ""the tightest woven one, it has no handle"",
  ""object_#5"": ""red interwoven with it, no handles"",
  ""object_#6"": ""it has no handle, and it has a zig-zag pattern in the space"",
  ""object_#7"": ""two handles, and a top covering it"",
  ""object_#8"": ""triangular"",
  ""object_#9"": ""the handle looks like half of a square"",
  ""object_#10"": ""the bottom looks like half of a hexagon""
}"
baskets,23,2,"[6, 9, 1, 7, 8, 10, 4, 3, 2, 5]","{
  ""object_#1"": ""the triangular basket"",
  ""object_#2"": ""looks like a laundry basket"",
  ""object_#3"": ""the zig-zag pattern with the green in the background"",
  ""object_#4"": ""the one with the huge spaces in the middle, looks like a circle"",
  ""object_#5"": ""with the hexagon bottom"",
  ""object_#6"": ""the red ribbon laced through it"",
  ""object_#7"": ""looks like a bowl, with two handles on the side"",
  ""object_#8"": ""long handle, red interwoven in it"",
  ""object_#9"": ""squarish handle, with a cover"",
  ""object_#10"": ""really tight weave, looks like the beehive, has no top""
}"
baskets,23,3,"[10, 8, 2, 4, 6, 5, 7, 3, 9, 1]","{
  ""object_#1"": ""that basket--it has that red strip interwoven in it"",
  ""object_#2"": ""the bottom is a hexagon"",
  ""object_#3"": ""square handle with a cover"",
  ""object_#4"": ""it's got a cover"",
  ""object_#5"": ""the triangular one"",
  ""object_#6"": ""the beehive one"",
  ""object_#7"": ""the one with the gaps in it"",
  ""object_#8"": ""oval handle, red interwoven into it"",
  ""object_#9"": ""laundry basket"",
  ""object_#10"": ""zig-zag pattern, green in the background""
}"
baskets,23,4,"[8, 2, 6, 4, 1, 10, 5, 7, 3, 9]","{
  ""object_#1"": ""hexagon bottom, cover, handle"",
  ""object_#2"": ""side looks like Jenga blocks put together, looks flat, bottom looks like a soda can, cut a inch off a soda can, put a top on it and a handle, and you have that"",
  ""object_#3"": ""triangle one"",
  ""object_#4"": ""snake could come out of it"",
  ""object_#5"": ""zig-zag pattern and the green"",
  ""object_#6"": ""red ribbon interlaced in it, no handles"",
  ""object_#7"": ""beehive, no handles, no cover"",
  ""object_#8"": ""circular one with the big gaps in the weave"",
  ""object_#9"": ""more than one red ribbon weaved through it"",
  ""object_#10"": ""the laundry one""
}"
baskets,24,1,"[9, 3, 7, 5, 10, 1, 4, 6, 2, 8]","{
  ""object_#1"": ""longer than the rest, rectangular-ish, top circular, one handle, long basket"",
  ""object_#2"": ""not wide, small, really big handle, really high handle, woven together really tightly, green in the handle, not deep, no lid"",
  ""object_#3"": ""has a handle, spaces in between the weavings, they're wide, not tight, looks like there's a black thing inside"",
  ""object_#4"": ""no handle, very wide, can probably hold a lot of things, woven tightly, border around the top"",
  ""object_#5"": ""short basket with no handle, red ribbon tied through it, woven through the top"",
  ""object_#6"": ""looks kind of like Mexican in its design, top very tightly woven, center hole with zig-zag, green in the backing"",
  ""object_#7"": ""lid on it, really big, biggest one with a lid, knobby thing on the top"",
  ""object_#8"": ""looks like a purse, bottom shaped like a triangle, has a handle"",
  ""object_#9"": ""handle and a lid, flat lid, wider than the other with a flat lid, more round, shorter"",
  ""object_#10"": ""taller with the lid""
}"
baskets,24,2,"[6, 9, 1, 7, 8, 10, 4, 3, 2, 5]","{
  ""object_#1"": ""First basket looks like the purse?"",
  ""object_#2"": ""The second basket is the really wide one with no lid and a handle"",
  ""object_#3"": ""It looks beat up, Like it looks like someone took a bite out of the right side"",
  ""object_#4"": ""The fourth one has large holes in the top of it, it's kind of short, it's got a handle, You can stick your finger through one of the holes in the top, in the weavings?, it's darker in its color?"",
  ""object_#5"": ""The next one is short, no handle, no lid, and it's got a red ribbon through it"",
  ""object_#6"": ""The next one, it's really big, it's got a lid, two short handles on either side, and like a little knob on the top of it"",
  ""object_#7"": ""Alright, the next one has really high handle, short basket with red weaving through it"",
  ""object_#8"": ""the next one has kind of like a square handle on the top"",
  ""object_#9"": ""A round base, round lid, and really tightly woven"",
  ""object_#10"": ""The next one is wide, no handle, no lid""
}"
baskets,24,3,"[10, 8, 2, 4, 6, 5, 7, 3, 9, 1]","{
  ""object_#1"": ""the first basket is short, you could stick your finger through the holes in it, it's got a red ribbon"",
  ""object_#2"": ""second one is deep, has a lid, and a handle, which is almost square, the weavings are really tight on the bottom"",
  ""object_#3"": ""the third one, there's no holes in the weaving, it's got a lid and a handle, which is square"",
  ""object_#4"": ""the fourth one is the really big one with the small handles on the sides and the little knob on the top"",
  ""object_#5"": ""the fifth one is the purse"",
  ""object_#6"": ""the sixth one is wide, deep, no handle, no lid, tight weaving"",
  ""object_#7"": ""the next one has a medium sized handle, holes in the top where you could stick your finger through, it's a medium sized basket"",
  ""object_#8"": ""the next one has a really high handle for its short basket, it has red and green woven into it"",
  ""object_#9"": ""the next one is really wide, it looks like a baby bath, there's a bite mark in the side of it"",
  ""object_#10"": ""the salsa dish""
}"
baskets,24,4,"[8, 2, 6, 4, 1, 10, 5, 7, 3, 9]","{
  ""object_#1"": ""big, deep, square handle, lid, tight weaving"",
  ""object_#2"": ""round bottom, flat lid, square handle"",
  ""object_#3"": ""the purse"",
  ""object_#4"": ""big, deep, short handles, knob on the top"",
  ""object_#5"": ""looks like a salsa dish"",
  ""object_#6"": ""short, holes in the top, a red ribbon through the top of it"",
  ""object_#7"": ""big, wide, no handle, no lid, tight weaving"",
  ""object_#8"": ""the black base, holes in the top, medium size handle"",
  ""object_#9"": ""really high handle for a really small basket, with red"",
  ""object_#10"": ""looks like a bathtub with a bite out of the side of it""
}"
baskets,34,1,"[9, 3, 7, 5, 10, 1, 4, 6, 2, 8]","{
  ""object_#1"": ""has a handle, it's kinda like a rectangular shape, it's kinda long"",
  ""object_#2"": ""looks kinda colorful, Looks like it's a little bit of green, reddish, and like brown in it, it's not the one that's shaped like a diamond"",
  ""object_#3"": ""has a handle, the pattern looks like it's criss-crossin', like it's overlappin', it's like a circle, has no tops, there's no tops with it, it's circle, it's the only one that looks circle with the handle, it's the only one of the handles that has handles, that are circle with no top, it's more like a oval"",
  ""object_#4"": ""it's like a oval shape, it's kinda big, has no handle on it, Is it kinda brown?"",
  ""object_#5"": ""it's a red string around it"",
  ""object_#6"": ""it's like a goldish colored, has a green background in the back?, it doesn't have a cover"",
  ""object_#7"": ""it's the same color as the one previously, but it has a top on it"",
  ""object_#8"": ""looks like a purse, but it's a basket, it's shape of a diamond? Like a V shape?"",
  ""object_#9"": ""it's a basket, it has a handle to it, it's kinda like, made like a pot, it's short, it's kinda goldish, and it has a top to it"",
  ""object_#10"": ""the tall basket with the top on it, it's kinda like red and green--it has like a green in the background look like red, with the handle""
}"
baskets,34,2,"[6, 9, 1, 7, 8, 10, 4, 3, 2, 5]","{
  ""object_#1"": ""The first basket is shaped in a V and it has the handle, It's colorful"",
  ""object_#2"": ""The second one is rectangular, It's the longest basket with a handle"",
  ""object_#3"": ""The third one is the light goldish color with the green background, with no handle"",
  ""object_#4"": ""The fourth one is a basket with the handle, criss-cross"",
  ""object_#5"": ""The fifth one is the tall basket with the top to it"",
  ""object_#6"": ""The sixth one is the small basket with the red string around it"",
  ""object_#7"": ""The seventh one is the golden colored, like the other one, light color"",
  ""object_#8"": ""The eighth one is the colorful basket with the handle, small, it has green in the back like outline in the back"",
  ""object_#9"": ""The ninth one is the small basket with the top, It has a top and a handle, It has a handle to it, It's the short basket with the top, it has a handle on it"",
  ""object_#10"": ""The tenth one is the large basket, It's shaped like not as brown, It's just shaped in a oval""
}"
baskets,34,3,"[10, 8, 2, 4, 6, 5, 7, 3, 9, 1]","{
  ""object_#1"": ""basket, has the red string around it"",
  ""object_#2"": ""The second one is the tall basket with the top and the handle"",
  ""object_#3"": ""The third one is the short one with the top and the handle"",
  ""object_#4"": ""The fourth one has a top and is the goldish color With no handle"",
  ""object_#5"": ""The fifth one is the V shaped basket that kinda looks like it has red in there"",
  ""object_#6"": ""The sixth one is the basket It's just round, with no top to it"",
  ""object_#7"": ""The seventh one is the one that intertwines Like X's--forms X's and it has a handle to it"",
  ""object_#8"": ""The eighth one has the green background Little green in the back"",
  ""object_#9"": ""The ninth one is the rectangular shaped one With the handle to it"",
  ""object_#10"": ""And the tenth one has the little green background""
}"
baskets,34,4,"[8, 2, 6, 4, 1, 10, 5, 7, 3, 9]","{
  ""object_#1"": ""with the handle"",
  ""object_#2"": ""short basket with the handle, and a top"",
  ""object_#3"": ""V shaped basket with the handle"",
  ""object_#4"": ""that basket with the top, and the goldish color"",
  ""object_#5"": ""the other goldish color with the green background"",
  ""object_#6"": ""the basket with the red tape around it"",
  ""object_#7"": ""brownish basket by itself with no handle"",
  ""object_#8"": ""basket that forms X's with the handle"",
  ""object_#9"": ""the basket with the handle and it's green"",
  ""object_#10"": ""rectangular shaped basket""
}"
baskets,35,1,"[9, 3, 7, 5, 10, 1, 4, 6, 2, 8]","{
  ""object_#1"": ""basket, long, handle, light in the middle, woven, brownish, you could see the bottom which is not woven, just a piece of wood"",
  ""object_#2"": ""reddish color, large, round handle, handle's double the size of the basket itself, basket again is woven, colors red and white, woven into each other, green background behind"",
  ""object_#3"": ""the basket is bigger than the handle, but not by much, the handle is circular again, it's interwoven, brownish color, large spaces between each piece of wood, you could actually see the white background through it, the bottom is darker, it's round"",
  ""object_#4"": ""basket without a handle, large, brown color, darker brown, woven again, a piece of wood on the top, with things woven off of that, going downwards, big cup type thing"",
  ""object_#5"": ""basket without a handle, interwoven, spaces between them, red ribbon going through the top of it"",
  ""object_#6"": ""last basket without a handle, green line through it, golden type thing"",
  ""object_#7"": ""basket with a top, lid without a handle, two small handles, two handles on either side, the only basket with two covers on either side, the cover has something on top of it, left handle had some green inside of it"",
  ""object_#8"": ""basket looks like a woman's underwear"",
  ""object_#9"": ""flat top, round handle, round basket, handle is rectangle-shaped, goes all the way up to the top, goes over the whole thing"",
  ""object_#10"": ""it's round, plain round, simple, flat top, same type of basket, round handle, little bit taller, bigger handle, not as straight, crooked a little bit, a little bigger than, bigger basket itself, shaped down to be more square on the bottom, rounds off as it goes higher""
}"
baskets,35,2,"[6, 9, 1, 7, 8, 10, 4, 3, 2, 5]","{
  ""object_#1"": ""That woman's underwear one again"",
  ""object_#2"": ""rectangle long one, with the handle in the middle"",
  ""object_#3"": ""the one with the green line in the middle"",
  ""object_#4"": ""the basket with a handle, it's woven and it has holes in the middle, you could actually see the white behind it, it gets darker on the bottom, reddish color, woven sort of a basket, no top, big handle clogging the middle, dark in the bottom, top you could actually see through the basket"",
  ""object_#5"": ""the big basket, which is round on top and it squares off on the bottom, flat top, the top is sort of cracked, the lid is a little bit cracked, it doesn't quite fit right"",
  ""object_#6"": ""a woven basket with a red ribbon through it"",
  ""object_#7"": ""a golden basket with a handle and a thing on top, two little handles, the left one has greenish color inside"",
  ""object_#8"": ""the handle, which is like twice the size of the basket itself, kinda reddish and white colored basket, it's got that green around the handle"",
  ""object_#9"": ""the smaller of those two baskets with a lid and the handle, the flat top, it's round, smaller one"",
  ""object_#10"": ""the big cup""
}"
baskets,35,3,"[10, 8, 2, 4, 6, 5, 7, 3, 9, 1]","{
  ""object_#1"": ""the one with the red ribbon through the top of it, Woven, You could see through it"",
  ""object_#2"": ""a big basket, with a flat lid and a round top, Square on the bottom, Rounds off"",
  ""object_#3"": ""the same one but smaller one"",
  ""object_#4"": ""the basket with the lid and the green in the left handle, and the little extra thing on the top"",
  ""object_#5"": ""the women's underwear"",
  ""object_#6"": ""large cup"",
  ""object_#7"": ""the one with that woven, with a handle that you could see on top, and it gets darker on the bottom"",
  ""object_#8"": ""the same type of basket, you can't see through it, and the handle's like three times larger, and it has green around the handle"",
  ""object_#9"": ""the rectangular, long one, with a handle right through the middle"",
  ""object_#10"": ""the one with the green in the middle""
}"
baskets,35,4,"[8, 2, 6, 4, 1, 10, 5, 7, 3, 9]","{
  ""object_#1"": ""big basket, flat lid"",
  ""object_#2"": ""the same basket, it's just smaller"",
  ""object_#3"": ""women's underwear"",
  ""object_#4"": ""basket with a lid, the thing on top of the lid, left handle a little green on the inside"",
  ""object_#5"": ""green line"",
  ""object_#6"": ""woven one, with a red ribbon through it, without the handle"",
  ""object_#7"": ""big cup"",
  ""object_#8"": ""woven one with a handle, which gets darker on the bottom, reddish"",
  ""object_#9"": ""reddish, dark bottom, without the green handle"",
  ""object_#10"": ""long rectangular one with the handle in the middle""
}"
baskets,37,1,"[9, 3, 7, 5, 10, 1, 4, 6, 2, 8]","{
  ""object_#1"": ""long, not circular, handle"",
  ""object_#2"": ""little, big handle, big loop"",
  ""object_#3"": ""probably medium, handle, the wicker's thick on it, light brown, big holes"",
  ""object_#4"": ""round, no lid, no holes in the wicker"",
  ""object_#5"": ""no handle, holes in the wicker, red loop"",
  ""object_#6"": ""weird design in the middle of it, two little handles, no lid"",
  ""object_#7"": ""handles, lid, closed, no holes in the wicker, little handle on the top"",
  ""object_#8"": ""V-shaped, handle"",
  ""object_#9"": ""shorter, lid, handle, short"",
  ""object_#10"": ""bigger, lid, handle, one big loop""
}"
baskets,37,2,"[6, 9, 1, 7, 8, 10, 4, 3, 2, 5]","{
  ""object_#1"": ""V-shaped one"",
  ""object_#2"": ""the long one with a bar handle, with no lid"",
  ""object_#3"": ""it's a circular one with no lid, and it's got a weird design around the top"",
  ""object_#4"": ""Four is the wicker with big holes in them, and the wicker's like real thick braided"",
  ""object_#5"": ""it's got a lid, and it's got a bar handle"",
  ""object_#6"": ""it's a round one with no lid, and it's got a red ribbon going through it"",
  ""object_#7"": ""it's a round one with a lid"",
  ""object_#8"": ""it's a small basket with a big handle"",
  ""object_#9"": ""nine looks just like five, but a smaller version"",
  ""object_#10"": ""the big round one with no lid, no handles""
}"
baskets,37,3,"[10, 8, 2, 4, 6, 5, 7, 3, 9, 1]","{
  ""object_#1"": ""basket with the red loop going through it"",
  ""object_#2"": ""They look the same, but one's bigger, one's smaller"",
  ""object_#3"": ""This one's the bigger one"",
  ""object_#4"": ""the basket with the lid on it, and the little handle on the top"",
  ""object_#5"": ""V-shaped"",
  ""object_#6"": ""the big round one, with no lid"",
  ""object_#7"": ""thick braid wicker, with the holes in it, and a handle"",
  ""object_#8"": ""the little one with the big loop"",
  ""object_#9"": ""the long one with the handle and no lid"",
  ""object_#10"": ""the big one with no lid, and a zigzag design running through it""
}"
baskets,37,4,"[8, 2, 6, 4, 1, 10, 5, 7, 3, 9]","{
  ""object_#1"": ""the first one is the two that look the same, but one's bigger one's smaller"",
  ""object_#2"": ""And the next one's the smaller one"",
  ""object_#3"": ""Three is the V-shaped one"",
  ""object_#4"": ""Four is the round one with the funny thing on the top of the lid"",
  ""object_#5"": ""The fifth one is the round one with the zigzag design going through it"",
  ""object_#6"": ""The sixth one is the one with the red ribbon going through it"",
  ""object_#7"": ""The seven is the big round one with no lid"",
  ""object_#8"": ""Eight is the thick braided one with the holes in it, and the handle"",
  ""object_#9"": ""nine is the little basket with the big loop"",
  ""object_#10"": ""And ten is the long open one with the bar handle""
}"
baskets,43,1,"[9, 3, 7, 5, 10, 1, 4, 6, 2, 8]","{
  ""object_#1"": ""it's wide and long, it has a handle right in the middle"",
  ""object_#2"": ""it's small, and it has a big handle for its size, it's kind of like an orange, but a dark orange with a bit of pink and green"",
  ""object_#3"": ""it's wider, it's a bit wider, it's round, and it also has a handle, but it's a shorter handle, it's not like the second one, it's like a light kinda brownish kinda thing, and the bottom to it, it has dark spots"",
  ""object_#4"": ""it's wide, it has a big opening, and it has no handle"",
  ""object_#5"": ""it's small, it has a pink ribbon going around it, it has openings, it's clear, and you can see right through it"",
  ""object_#6"": ""it's a light orange, yellowish, it has green through it, it has little triangles, like the figures"",
  ""object_#7"": ""it has a cover, it's wide, it's big and it has handles, and the cover has this little head thing"",
  ""object_#8"": ""it's a triangle, it's pointing downward, with a handle"",
  ""object_#9"": ""it's oval-shaped, like a circle, it has a cover, and it has a handle that's like half a triangle, a rectangle"",
  ""object_#10"": ""it looks like number nine, but it's long with a cover, it's taller""
}"
baskets,43,2,"[6, 9, 1, 7, 8, 10, 4, 3, 2, 5]","{
  ""object_#1"": ""it's with the triangle with the point downwards"",
  ""object_#2"": ""It's narrow, it's long, it has a handle"",
  ""object_#3"": ""It's yellowish, orange-yellowish, it has the triangle figures with the green, no cover"",
  ""object_#4"": ""It's oval, you can see through it, it has a handle, and it has the black spots, like on the bottom"",
  ""object_#5"": ""It's long, it has a cover, and it has a handle with the half rectangle figure"",
  ""object_#6"": ""It's the small one with a red ribbon going around it, and it's clear"",
  ""object_#7"": ""It's wide, oval, and has a cover with handles, and the cover has this top figure"",
  ""object_#8"": ""It has a small figure with a big handle for its size, with small red ribbons going around it"",
  ""object_#9"": ""It's small, it has a cover, it's wide, and it has a handle with half rectangle figure"",
  ""object_#10"": ""It's wide, oval, and it's big, no cover""
}"
baskets,43,3,"[10, 8, 2, 4, 6, 5, 7, 3, 9, 1]","{
  ""object_#1"": ""It's small, it has a red ribbon going through it, and it has clear that you could see right through it"",
  ""object_#2"": ""It's long with a cover, and it has a handle that's half rectangular shape"",
  ""object_#3"": ""It's small, short with a little cover, and the handle is also half rectangular shape"",
  ""object_#4"": ""It's big, oval with handles, has a cover and has a head on the cover"",
  ""object_#5"": ""It's a triangle with the point downward, and it has a handle"",
  ""object_#6"": ""It's big, wide, oval, and has no cover, no handles"",
  ""object_#7"": ""It's small, it has a handle, you can see right through it, and it has dark spots on the bottom"",
  ""object_#8"": ""It's small, has a big handle for it, it has little red ribbons going around it"",
  ""object_#9"": ""It's long, narrow, with a handle, no cover"",
  ""object_#10"": ""It's oval, light orange yellowish, has triangle figures with green on it""
}"
baskets,43,4,"[8, 2, 6, 4, 1, 10, 5, 7, 3, 9]","{
  ""object_#1"": ""long, has a cover and half rectangular handle, light brownish"",
  ""object_#2"": ""small, short, with a cover and half rectangular handle"",
  ""object_#3"": ""triangle looking downward with a handle"",
  ""object_#4"": ""big, oval, has a cover, has handles, and the cover has something on the top"",
  ""object_#5"": ""wide, oval, triangle figures and it has green on it"",
  ""object_#6"": ""small, has a red ribbon going across from it, and you could see through it"",
  ""object_#7"": ""it's big, wide, it's like a brownish and no cover"",
  ""object_#8"": ""oval, it's small and it has a handle, you could see through it, and it has darkish spots on the bottom"",
  ""object_#9"": ""has a big handle, it's small, and it has red ribbons going across from it, it has a bit a green"",
  ""object_#10"": ""long, narrow, small, it's like short and it has a handle right in the middle, on the right hand corner it has like somebody bit off of it""
}"
baskets,45,1,"[9, 3, 7, 5, 10, 1, 4, 6, 2, 8]","{
  ""object_#1"": ""rectangle shaped basket, handle in the middle"",
  ""object_#2"": ""easter basket, pink things, pink wood, twisted handle"",
  ""object_#3"": ""circular one, crisscross box baskets, round handle, crisscross texture, lightish brown, no lid"",
  ""object_#4"": ""no lid, wide circle, tiny sewing things, widest one, bowl"",
  ""object_#5"": ""pink ribbon going around it, small, crisscross things, gets smaller as it goes towards the bottom"",
  ""object_#6"": ""light goldish basket, triangles, greenish background in the back, circular on the bottom, bowl, solid at the bottom"",
  ""object_#7"": ""has a lid, goldish, handles, two handles on the edge, little thing sticking up in the middle"",
  ""object_#8"": ""triangle-shaped basket, looks almost like a heart"",
  ""object_#9"": ""circular one, handle in the middle"",
  ""object_#10"": ""squarish one, gets smaller as you go down, handle, lid, black type circle""
}"
baskets,45,2,"[6, 9, 1, 7, 8, 10, 4, 3, 2, 5]","{
  ""object_#1"": ""the heart shaped one"",
  ""object_#2"": ""the rectangle shaped one with the handle in the middle"",
  ""object_#3"": ""no lid, no handle, triangles on the bowl, goldish brown, green in the background"",
  ""object_#4"": ""circular one with the crisscrosses and the little black stuff inside, round handle, no lid"",
  ""object_#5"": ""last one from the first card, it's like a square one, the flat lid"",
  ""object_#6"": ""smallest basket with the pink ribbon going around it, no lid"",
  ""object_#7"": ""the lid, goldish brown with two handles and that thing sticking up in the middle"",
  ""object_#8"": ""the Easter basket"",
  ""object_#9"": ""the round one with the lid and a handle"",
  ""object_#10"": ""the widest""
}"
baskets,45,3,"[10, 8, 2, 4, 6, 5, 7, 3, 9, 1]","{
  ""object_#1"": ""smallest basket with the pink ribbon going around it"",
  ""object_#2"": ""square one that gets smaller as you go along with the flat lid"",
  ""object_#3"": ""roundish with the flat lid and a handle, like a square handle"",
  ""object_#4"": ""goldish brown with two small handles on the side and that thing sticking up"",
  ""object_#5"": ""heart shaped"",
  ""object_#6"": ""the most circular and widest, with no lid and no handle"",
  ""object_#7"": ""circular with the crisscross and the black stuff inside"",
  ""object_#8"": ""Easter basket"",
  ""object_#9"": ""rectangle shaped one with the handle in the middle"",
  ""object_#10"": ""the one with the green background and triangles and it's goldish brown""
}"
baskets,45,4,"[8, 2, 6, 4, 1, 10, 5, 7, 3, 9]","{
  ""object_#1"": ""the square one that goes down, like gets smaller as you go down"",
  ""object_#2"": ""the circular one with the square handle and the flat lid"",
  ""object_#3"": ""the heart shaped one"",
  ""object_#4"": ""the one that has the two small handles and the thing sticking up on the lid"",
  ""object_#5"": ""the one with the green background with triangles and it's goldish brown"",
  ""object_#6"": ""the smallest one with the pink ribbon going around"",
  ""object_#7"": ""the wide bowl, like the biggest, the most circular and wide bowl"",
  ""object_#8"": ""the confusing one with the black stuff inside"",
  ""object_#9"": ""the Easter basket"",
  ""object_#10"": ""the rectangular shaped with the middle, the handle in the middle""
}"
